SL	DC No.	HSN Codes	Brand Name	Description	MRP Price	GST%	9/16/2026	9/17/2026	9/18/2026	9/19/2026	9/20/2026	9/21/2026	9/22/2026	9/23/2026	9/24/2026	9/25/2026	9/26/2026	9/27/2026	9/28/2026	9/29/2026	9/30/2026	Total Qty	Total Value
1	HYD579	8135020	Farmley	Cream & Onion	30	5%				120												120	3600
2	HYD579	8135020	Farmley	Aachari Makhana	30	5%				180												180	5400
3	HYD579	8135020	Farmley	Peri Peri Makhana	30	5%				120												120	3600
4	HYD579	8135020	Farmley	Tangy Tomato Makhana	30	5%				60												60	1800
5	HYD579	8021200	Happilo	Chilli Garlic Makhana	30	5%				144												144	4320
6	HYD579	8021200	Happilo	Perky Pudina Makhana	30	5%				120												120	3600
7	HYD579	8021200	Happilo	Peri Peri Makhana	30	5%				144												144	4320
8	HYD579, HYD585	21069099	Britannia	Good Day Butter	10	5%				90										90		180	1800
9	HYD579, HYD585	21069099	Britannia	Good Day Cashew	10	5%				90										90		180	1800
10	HYD579	22029920	Paperboat	Jaljeera Juice	25	5%				90												90	2250
11	HYD579, HYD585	22029920	Paperboat	Aamras	25	5%				90										90		180	4500
12	HYD579	22029920	Paperboat	Chilli Guava Juice	25	5%				90												90	2250
13	HYD579	21069099	Kairas	Peanut Chikki	23	5%				480												480	11040
14	HYD579	21069099	ShantaG	All Mix Khakhra	20	5%				512												512	10240
15	HYD579, HYD585	22021010	Coca Cola	Thumbs up	40	40%				240										120		360	14400
16	HYD579, HYD585	22021010	Coca Cola	Sprite	40	40%				120										120		240	9600
17	HYD579, HYD585	22021010	Coca Cola	Zero Coke	40	40%				360										120		480	19200
18	HYD580, HYD587	22029920	Storia	Coconut Water	40	5%						1500									1320	2820	112800
19	HYD580	22029920	Storia	Coffee Shake	45	5%						90										90	4050
20	HYD580	22029920	Storia	Banana Shake	45	5%						150										150	6750
21	HYD580	22029920	Storia	Mango Shake	45	5%						150										150	6750
22	HYD580	22029920	Storia	Chocolate Shake	45	5%						210										210	9450
23	HYD580, HYD587	22029920	Storia	Pomegranate	40	5%						150									300	450	18000
24	HYD580	19053100	Fab Box	Spicy Lemony Chickpeas	47	5%						200										200	9400
25	HYD580	19053100	Fab Box	Soya Chips	47	5%						180										180	8460
26	HYD580	19053100	Fab Box	Chocochip Banana Cookies	50	5%						200										200	10000
27	HYD581	22029930	Epigamia	Misti Doi	35	5%								128								128	4480
28	HYD581, HYD584, HYD585	22029930	Epigamia	Lychee Yogurt	35	5%								38			48			48		134	4690
29	HYD581, HYD584, HYD585	22029930	Epigamia	Mango Yogurt	35	5%								39			48			48		135	4725
30	HYD581, HYD584, HYD585	22029930	Epigamia	Strawberry Yogurt	35	5%								39			48			48		135	4725
31	HYD581, HYD583	22029920	Epigamia	Chocolate Shake	38	5%								208		44						252	9576
32	HYD581, HYD583	22029920	Epigamia	Vanilla Shake	38	5%								250		25						275	10450
33	HYD582	19053100	Unibic	Cashew Badam	20	5%									144							144	2880
34	HYD582	19053100	Unibic	Butter Classic	20	5%									144							144	2880
35	HYD582	19053100	Unibic	Choco Ripple	20	5%									144							144	2880
36	HYD582	19053100	Unibic	Choco Nut	20	5%									192							192	3840
37	HYD582	19053100	Unibic	Fruit & Nut	20	5%									192							192	3840
38	HYD582	21069099	Town Bus	Moong Dal	20	5%									144							144	2880
39	HYD582	21069099	Town Bus	Soya Sticks	20	5%									240							240	4800
40	HYD582	22029930	Cavins	Cold Coffee Shake	40	5%									150							150	6000
41	HYD582	22029930	Cavins	Strawberry Shake	40	5%									150							150	6000
42	HYD582	22029930	Cavins	Belgium Chocolate Shake	40	5%									150							150	6000
43	HYD582	22029930	Cavins	Kaju Butterscotch Shake	40	5%									150							150	6000
44	HYD582	22029930	Cavins	Masala Chaas	20	5%									150							150	3000
45	HYD583	22029990	Heritage	Chocolate Caramel Shake	45	5%										76						76	3420
46	HYD583	22029920	Epigamia	Strawberry Shake	38	5%										300						300	11400
47	HYD583	22029930	Dodla	Badam Milk	40	5%										60						60	2400
48	HYD583	4039090	Milky Mist	Buttermilk	20	5%										116						116	2320
49	HYD584	4039020	Akshaykalpa	Plain Buttermilk	29	5%											300					300	8700
50	HYD584	4039020	Akshaykalpa	Spicy Buttermilk	29	5%											300					300	8700
51	HYD585	21069099	Britannia	Bourbon	10	5%														140		140	1400
52	HYD585	21069099	Britannia	Jim Jam	10	5%														120		120	1200
53	HYD585	22029920	Paperboat	Orange	25	5%														90		90	2250
54	HYD585	22029920	Paperboat	Alphonse	25	5%														90		90	2250
55	HYD585	22029920	Paperboat	Mix Fruit	25	5%														90		90	2250
56	HYD585	22029920	Paperboat	Lychee  	25	5%														90		90	2250
57	HYD585	22029920	Paperboat	Apple	25	5%														90		90	2250
58	HYD585	22021010	Coca Cola	Diet Coke	50	40%														120		120	6000
59	HYD585	20052000	Lay's	Cream & Onion	20	5%														120		120	2400
60	HYD585	20052000	Lay's	Magic Masala	20	5%														120		120	2400
61	HYD585	21069099	Haldiram	Salted Peanut	20	5%														120		120	2400
62	HYD585	21069099	Haldiram	Soya Sticks	20	5%														96		96	1920
63	HYD585	21069099	Haldiram	Lite Chivda	20	5%														120		120	2400
64	HYD585	21069099	Haldiram	Instant Bhel	20	5%														144		144	2880
65	HYD585	21069099	Haldiram	Aloo Bhujiya	20	5%														96		96	1920
66	HYD585	21069099	Haldiram	Bhujiya Sev	20	5%														120		120	2400
67	HYD586	18069010	Yogabar	Seeds 7 in 1 Mix	40	5%														720		720	28800
68	HYD586	18069010	Yogabar	Nut Mix	50	5%														48		48	2400
69	HYD586	18069010	Yogabar	Panchmeva	50	5%														70		70	3500
70	HYD586	18069010	Yogabar	Pumpkin Seeds	40	5%														1344		1344	53760
71	HYD586	18069010	Yogabar	Sunflower Seeds	40	5%														1344		1344	53760
72	HYD586	18069010	Yogabar	Chia Seeds	40	5%														1344		1344	53760
73	HYD586	18069010	Yogabar	Flax Seeds	40	5%														1344		1344	53760
74	HYD586	18069010	Yogabar	Salted Almonds	50	5%														432		432	21600
75	HYD586	18069010	Yogabar	Salted Cashew	50	5%														167		167	8350
76	HYD586	18069010	Yogabar	Salted Pista	50	5%														14		14	700
77	HYD586	18069010	Yogabar	Trailmix	50	5%														720		720	36000
